x1,x2,x3,x4,x5,x6,x7,x8,x9,x10,x11,x12,x13,x14,x15,x16
-0.000887035394666495,0.0017094387579868018,0.0003095700280748583,-0.0007156079986885667,0.010461243992895282,0.00022732941192255593,-0.0003258996854296016,0.00018062476938353263,-0.0005883593276720082,-0.0016240459823018839,0.00031470097806058104,0.0004694201360632016,0.00010391305272786298,-1.954633789168172e-6,-0.0003975442157206166,-0.0002466134611009815
-0.0017953813199501356,0.0034627561432679097,0.0005593365160949536,-0.001160862631198522,0.020928616734128755,0.0004296727318798196,-0.0006531466764466045,0.00035183838380112016,-0.0019264485920664528,-0.0032426815082889347,0.0006419916409553048,0.0009341071713338607,0.0001661763360973853,-4.131502267023623e-5,-0.0007783417815320289,-0.0005039833254003091
-0.002722415795767087,0.0052498004746316055,0.0007483710587439224,-0.0013359416736590044,0.03135513393987062,0.0006083161569811024,-0.000979906868513957,0.0005138921631079794,-0.004008330481479467,-0.004850393063904705,0.0009819152086559305,0.0013911330876931593,0.00018595822275052867,-0.00011481127558289402,-0.0011404895921984111,-0.0007714269881764868
-0.003665454425192787,0.007060499802116083,0.0008761890814047807,-0.001242369165144386,0.04169467057165429,0.0007646142961608187,-0.0013045421600258761,0.0006671058868996585,-0.006825028163800674,-0.006441678285505072,0.0013343633054225422,0.0018376276859801558,0.00016279993948464924,-0.00021918927187877801,-0.0014822376596838242,-0.001048261679607312
-0.004621763555034454,0.0088849046420287,0.0009427361276107956,-0.0008829436890771142,0.051902113522132275,0.0008999696505535975,-0.001625593659220867,0.0008118464052179158,-0.010364586840004467,-0.008011064660497912,0.0016990820866167914,0.0022707870945912795,9.65892095486065e-5,-0.0003512289519181365,-0.0018019912780238598,-0.0013337994177497151
-0.005588572577940373,0.010713227622101053,0.0009483704986874719,-0.0002616671744154777,0.06193350669420658,0.0010158127427722704,-0.0019417650024594957,0.0009485079589078649,-0.014612146792147647,-0.009553127843648966,0.0020756786777967003,0.002687881594268479,-1.2468039582174445e-5,-0.0005077605359442238,-0.002098312673343869,-0.0016273434268861116
-0.006563085624861964,0.012535880028174361,0.0008938428611215533,0.0006163254685058695,0.0717461883752945,0.0011135831519842937,-0.0022519059635426617,0.0010774941978070225,-0.019550027114616925,-0.01106250952359908,0.002463627735342612,0.0030862630111459597,-0.00016387707704201655,-0.0006856788995720801,-0.0023699221975313654,-0.0019281858623766918
-0.00754249287501636,0.014343505321119407,0.0007802734147584202,0.001744835595191248,0.08129892083394522,0.001194711696230147,-0.0025549965515992475,0.001199201903132921,-0.025157819314168592,-0.012533934796084532,0.002862277962582679,0.0034633719231150764,-0.00035688411584742954,-0.0008819563153092248,-0.0026156991042772517,-0.0022356066756019834
-0.008523981683263977,0.016127009759883883,0.0006091271822987049,0.0031166687117021876,0.09055201209469246,0.0012606039817932206,-0.0028501318016257815,0.0013140064338268073,-0.031412489972890006,-0.013962229023140149,0.00327085844743661,0.003816744908543046,-0.0005905057216337965,-0.0010936537457397026,-0.002834681925149407,-0.0025488734480779507
-0.009504747692786756,0.017877590321786672,0.0003821879394440516,0.004723700791693318,0.09946742987766613,0.0013126255124004057,-0.0031365074577338736,0.0014222489248763462,-0.038288491687440786,-0.015342334179813982,0.003688484725135602,0.0041440220417663315,-0.0008635572852674617,-0.0013179308470042939,-0.0030260684424151976,-0.0028672420226053576
-0.010482006064978708,0.019586760153074305,0.00010153125733609166,0.006556942863905095,0.10800890772081038,0.001352088519526431,-0.0034134067355634417,0.001524225268683646,-0.04575788152637889,-0.016669324710406552,0.0041141645106389044,0.004442954807292784,-0.0011746800560168446,-0.001552054812581149,-0.0031892152358069365,-0.003189957761549714
-0.011453002919465825,0.02124637181047519,-0.0002305029233487365,0.008606603753749715,0.11614204333332073,0.0013802406401213147,-0.0036801883283957048,0.0016201769085054942,-0.05379044628342545,-0.017938422933951117,0.0045468030879548815,0.004711414565294353,-0.0015223663299744367,-0.0017934081585533536,-0.0033236367635263654,-0.0035162572681187517
-0.012415027036146406,0.02284863856774492,-0.0006113378221234767,0.01086215090942115,0.12383438925792545,0.0013982555307798994,-0.003936275792674561,0.0017102834662289486,-0.06235383384643752,-0.01914501405279261,0.0049852083857346765,0.0049474016560247,-0.001904982487260459,-0.002039495523797141,-0.003429003924524651,-0.0038453704157809816
-0.013365421829125645,0.024386154060249545,-0.0010381871431556487,0.013312369290109215,0.13105553594580646,0.0014072254688554703,-0.0041811484144621625,0.0017946572158080284,-0.07141369004785882,-0.020284660828163725,0.0054280958084022505,0.0051490551817435564,-0.002320789668614469,-0.00228794953287814,-0.0035051420402515596,-0.004176522543588277
-0.014301597560488138,0.025851910526265447,-0.0015080819396487404,0.015945418340410043,0.13777718737030253,0.0014081559524052587,-0.0044143336204216016,0.0018733393992725815,-0.08093380041074123,-0.021353117992285734,0.005874092928046416,0.005314663453225995,-0.002767961975047595,-0.0025365357467269332,-0.003552028190152808,-0.004508936690828642
-0.015221043721111325,0.027239315877131864,-0.002017896814778529,0.01874888711987967,0.1439732293232344,0.0014019622732076877,-0.004635400956844885,0.001946298365125686,-0.09087623625338184,-0.02234634646763186,0.006321744172870217,0.0054426750357339715,-0.0032446021613900845,-0.0027831567069945525,-0.003569787836440518,-0.004841835762708035
-0.01612134146728481,0.02854220979132697,-0.0025643753031415555,0.021709847698844202,0.14961979055006577,0.0013894680013816318,-0.004843957619598377,0.0020134294900090695,-0.10120150466361742,-0.023260527460637618,0.006769515671950636,0.005531710278215185,-0.0037487548742662557,-0.0030258550647898168,-0.0035586906800251458,-0.00517444453908812
-0.017000175966871936,0.029754878981925675,-0.0031441543187744206,0.024814906970036223,0.15469529688667588,0.0013714052872120946,-0.005039645478110794,0.0020745568245661324,-0.11186870189941926,-0.024092076489511317,0.007215800432445229,0.005580573161220941,-0.0042784175560097604,-0.00326281577353757,-0.0035191457006793158,-0.0055059914600378
-0.017855348478216626,0.03087207173495182,-0.0037537875919055118,0.028050257059384787,0.1591805185609796,0.0013484168563424566,-0.005222139499033534,0.002129436384238572,-0.12283566981434972,-0.02483765739416222,0.007658924033498573,0.00558826325525318,-0.004831549197315075,-0.003492367319097966,-0.003451695349981923,-0.005835710144367631
-0.018684787960002645,0.031889011760230755,-0.004389768046225582,0.03140172454740723,0.16305861081691075,0.0013210595490624742,-0.005391147441145866,0.0021777609859670644,-0.13405915494356282,-0.02549419636095793,0.008097151020528357,0.005553987543463889,-0.005406077172268594,-0.0037129819580701997,-0.0033570088846570827,-0.006162840619648561
-0.019486561991791492,0.03280141133892131,-0.0050485490914241446,0.0348548187342835,0.16631514800652183,0.0012898092333678461,-0.005546410663475309,0.0022191665129779924,-0.1454949699174109,-0.026058895976417144,0.0085286921741598,0.0054771718321415756,-0.005999902429291436,-0.003923274937293722,-0.003235874849730902,-0.006486630263709843
-0.020258886773875603,0.03360548369539348,-0.0057265648221314575,0.03839477919609045,0.16893815127851475,0.0012550669049867383,-0.005687705864270803,0.0022532394724428815,-0.1570981568945848,-0.02652924930243668,0.008951712809947077,0.005357471450303412,-0.006610903340132905,-0.004122002673802658,-0.0030891927445423207,-0.00680633447753598
-0.02100013597213547,0.0342979544678667,-0.006420249124585809,0.04200662288622927,0.17091810996898749,0.0012171657757063907,-0.005814847550029519,0.0022795256950787096,-0.16882315272446852,-0.026903053941664323,0.009364342238551836,0.005194780926783683,-0.007236938526249736,-0.004308059884655868,-0.002917963929079645,-0.007121217127178825
-0.021708848179354943,0.034876072104430375,-0.0071260536969020944,0.04567519103435687,0.17224799677334487,0.0011763791439967667,-0.005927691021651831,0.0022975400118918528,-0.18062395555859753,-0.027178426035617816,0.009764684481883997,0.004989242330010998,-0.00787584898776138,-0.0044804756698495094,-0.0027232818523886945,-0.007430550807198639
-0.02238373277929071,0.03533761697071092,-0.007840464988538276,0.04938519608488971,0.17292327674815341,0.0011329288389179144,-0.006026135659212068,0.00230677673134663,-0.192454292633521,-0.027353814110623036,0.010150830299727687,0.004741251962458061,-0.008525459854965826,-0.004638408568533398,-0.0025063217079640417,-0.007733616989798716
-0.023023674023805868,0.035680908924235456,-0.008560020060393993,0.0531212688983695,0.17294191015935254,0.001086994029329428,-0.006110128287814608,0.0023067207303083706,-0.20426778894189737,-0.027428012658177833,0.010520870534702988,0.004451465118502523,-0.009183582066639375,-0.004781140628515541,-0.002268329642214222,-0.00802970613190678
-0.02362773316636703,0.03590481308985486,-0.009281321360004369,0.05686800641188427,0.17230434915990586,0.001038720195154767,-0.006179666414416307,0.0022968589642088574,-0.21601813649541612,-0.027400175307613423,0.010872910732386385,0.0041207986408475965,-0.009848014253778684,-0.004908070550968178,-0.0020106116605004797,-0.008318117816817296
-0.024195148536625643,0.036008743561450056,-0.010001050397667395,0.06061001991980491,0.17101352824702445,0.0009882280655223244,-0.006234801139019557,0.002276692196077547,-0.22765926386244012,-0.027269827420702334,0.011205086939580425,0.003750431046134512,-0.010516545073078391,-0.005018705995653624,-0.001734522390215241,-0.008598161007624764
-0.02472533348976538,0.03599266475817938,-0.0107159803002521,0.06433198409405812,0.1690748484178718,0.0009356223396341259,-0.006275639562811884,0.002245746740498862,-0.23914550563562556,-0.027036877911050018,0.0115155825287971,0.003341800034090449,-0.011186956192540688,-0.005112655156070619,-0.0014414538713429781,-0.00886915448668293
-0.025217872219523325,0.035857090178933015,-0.011422987211049427,0.06801868681499929,0.16649615491452002,0.0008810000198362398,-0.006302346540034756,0.002203586017392021,-0.2504317714509489,-0.026701630066721334,0.01180264584286864,0.0028965972454045204,-0.01185702608370446,-0.005189617737781875,-0.0011328245515152783,-0.009130427548988766
-0.025672513483660255,0.035603078326210305,-0.01211906049745827,0.07165507983089707,0.16328770842516496,0.0008244582022388048,-0.006315145648870989,0.0021498217120373975,-0.2614737141405277,-0.02626479113370916,0.012064608402181393,0.0024167601901951617,-0.012524534722814302,-0.005249375495837143,-0.0008100686644465398,-0.009381321008106638
-0.02608916235320177,0.03523222560965181,-0.012801311724538767,0.0752263302075247,0.1594621495904146,0.0007661011880372913,-0.006314319288591076,0.0020841243423215887,-0.2722278965585788,-0.025727480401729647,0.012299903370353376,0.0019044613299102483,-0.013187269248770212,-0.005291782507612925,-0.00047462616766055516,-0.009621188561510835
-0.026467870159763936,0.034746656088837424,-0.013466982352350268,0.07871787247097924,0.15503445665189597,0.0007060467981214521,-0.006300207844645761,0.002006233042102346,-0.2826519565742489,-0.02509123552362286,0.012507083934241933,0.0013620943591090497,-0.013843030570992107,-0.005316755374488357,-0.0001279334075586962,-0.009849398548601538
-0.026808822876278303,0.034149007973190246,-0.01411345011915069,0.08211546128834847,0.1500218960763585,0.0006444317943370551,-0.006273207899303498,0.0019159643812444375,-0.29270476967850606,-0.024358016796491584,0.01268484122287437,0.0007922577980054939,-0.014489640867549744,-0.005324263558534189,0.00022858533277489828,-0.010065336119752275
-0.027112328222898857,0.033442416862019674,-0.014738234081355907,0.08540522447401788,0.14444396599254775,0.0005814163325989601,-0.006233769501713582,0.001813220058521175,-0.3023466086065985,-0.02353020913763912,0.012832021368987367,0.00019773607002362826,-0.015124951865178832,-0.005314320067855047,0.0005935252648836455,-0.010268405819203772
-0.02737880183927462,0.03263049577769147,-0.015338998294758375,0.08857371605607031,0.13832233229081436,0.0005171873956380126,-0.006182392546800323,0.0016979933233569596,-0.31153929933465724,-0.022610621502167763,0.012947641307818331,-0.0004185217009847981,-0.015746853750140868,-0.005286972705581663,0.0009655073887454379,-0.0104580345690392
-0.02760875290429885,0.03171731211716846,-0.01591355413971029,0.09160796908913459,0.13168075725687423,0.00045196117616053236,-0.006119622346019208,0.0015703740062678131,-0.32024637277078577,-0.021602483512274725,0.013030902911758896,-0.001053424883661187,-0.016353284524085434,-0.005242296092143057,0.0013431835578458983,-0.010633675026427966
-0.02780276961275081,0.03070736171909274,-0.016459861315323388,0.09449554785881903,0.12454502064123824,0.0003859844042276278,-0.0060460445036114,0.0014305520655771293,-0.32843321142932314,-0.02050943910095483,0.013081205077176836,-0.0017037661830857666,-0.016942239593619627,-0.005180384657994879,0.0017252402530139822,-0.01079480927230915
-0.027961504933156665,0.029605540312463187,-0.016976027553477175,0.09722459908996176,0.11694283310420121,0.0003195346352899003,-0.00596227923850796,0.001278819589029369,-0.3360671903536451,-0.01933553701467856,0.013098153411359833,-0.002366247755981609,-0.01751178136725806,-0.005101346784370834,0.0021104010339530227,-0.010940952777118164
-0.028085663071429675,0.028417112676112525,-0.017460307131560354,0.09978390174753045,0.10890374202225557,0.0002529195370616515,-0.005868975313484072,0.0011155712225240206,-0.34311781153941046,-0.01808521806987408,0.013081567212809583,-0.003037508186422288,-0.018060048629419918,-0.005005300243118533,0.002497427670826254,-0.011071658578363635
-0.028175987049703356,0.02714767989304238,-0.017911098292187063,0.10216291500598175,0.10045902969445973,0.0001864752337628197,-0.005766803748694657,0.0009413030333328614,-0.3495568311077758,-0.016763299115437714,0.013031483496104659,-0.003714149891085927,-0.01858526546823422,-0.004892369053878946,0.0028851199928538037,-0.011186521596058057
-0.028233247779184643,0.025803145127916472,-0.018326939707271325,0.10435182396076327,0.09164160404550563,0.00012056378465680517,-0.005656451505657075,0.0007566098506398229,-0.3553583784876308,-0.015374953716311023,0.01294815788176482,-0.0043927665144665165,-0.01908574955164791,-0.004762681838702118,0.003272314525748977,-0.01128518300532548
-0.028258234960445484,0.024389678387669922,-0.018706506151371444,0.10634158266453163,0.08248588198466793,5.556988972746584e-5,-0.005538615329609403,0.0005621811607124474,-0.3604990668877333,-0.013925689639286795,0.012832062249934035,-0.005069969877799025,-0.019559919573709724,-0.0046163717118961195,0.0036578820239967606,-0.011367334580996145
-0.02825175008562738,0.022913680742749274,-0.019048603573691227,0.10812395409028615,0.07302766564503643,-8.103071727861754e-6,-0.0054139959327304445,0.00035879566609186615,-0.36495809437366306,-0.012421323289241509,0.01268387914170846,-0.005742416060774755,-0.020006301728455276,-0.004453577697966561,0.004040724036438212,-0.01143272292662546
-0.028214601746480994,0.02138174848896715,-0.019352163778187523,0.10969154665328487,0.06330401179392703,-7.003755428581536e-5,-0.005283292687995253,0.0001473146465302717,-0.36871733491021536,-0.010867951309368474,0.012504492980623692,-0.00640683022199371,-0.02042353511067102,-0.004274447624585242,0.0044197686733296266,-0.01148115350006634
-0.02814760337248269,0.0198006377169504,-0.019616238935680482,0.11103784696224281,0.05335309477164142,-0.00012980679024620313,-0.0051471989837759335,-7.132571718987379e-5,-0.37176141878620766,-0.009271919620112347,0.012294978275954278,-0.007060029801676393,-0.02081037598879898,-0.00407914239238476,0.004793965768963504,-0.011512494349367507
-0.028051573437401053,0.018177229727930795,-0.019839996159717523,0.11215724851648651,0.04321406338039325,-0.00018698004108229685,-0.00500639836329341,-0.0002961228779250888,-0.37407780190427137,-0.007639790225917313,0.012056585055715826,-0.007698945797197776,-0.021165700943020338,-0.003867841480763722,0.005162281655085812,-0.011526679476239487
-0.027927338083890387,0.016518497692066966,-0.02002271237850979,0.11304507611774996,0.032926892206971474,-0.00024112803534767304,-0.004861561541576317,-0.0005260171257823512,-0.37565682349132795,-0.005978306164410573,0.011790721857261524,-0.0083206418569137,-0.021488508908748986,-0.0036407495104552653,0.005523693775829072,-0.01152371174949637
-0.0277757360274024,0.014831474890110384,-0.020163769728163736,0.11369760582122974,0.022532227920507242,-0.0002918284774611584,-0.004713344356842871,-0.0007599012671053203,-0.3764917518641558,-0.0042943550074747835,0.01149893667398572,-0.008922330998628812,-0.021777922210093826,-0.003398103650815742,0.005877185383945886,-0.011503665297623682
-0.02759762551638791,0.01312322481311776,-0.02026265167763264,0.11411208030834477,0.012071231139716528,-0.00033867152061044123,-0.004562386674568242,-0.0009966305880801747,-0.3765788179666759,-0.002594931346558329,0.011182896315087228,-0.009501389823785393,-0.022033186707251243,-0.0031401816338141875,0.006221740560195942,-0.011466687317834057
-0.02739389304872169,0.011400813320627949,-0.020318940073608797,0.11428671962131957,0.0015854145116272953,-0.00038126510851134053,-0.004409312222481105,-0.001235032921417997,-0.3759172364792501,-0.0008870987048609576,0.010844364679279985,-0.010055370164774483,-0.022253671214520293,-0.0028673101183954676,0.006556339792451978,-0.011412999248553733
-0.027165463477553,0.009671282978190542,-0.020332313264575696,0.11422072725526174,-0.00888352231427012,-0.00041924010420205104,-0.00425472929500351,-0.0014739186494099692,-0.37450921438341034,0.0008220486833378472,0.010485180471030139,-0.01058200816837875,-0.022438866370346183,-0.0025798731387321103,0.0068799563383402105,-0.011342897263140894
-0.026913311085964134,0.007941629613521137,-0.02030254542832521,0.11391429165504488,-0.01929386009640438,-0.00045225513861083005,-0.004099232227893208,-0.0017120904960663214,-0.3723599469462196,0.0025254238004156163,0.010107234898290208,-0.011079230880995166,-0.02258838315658093,-0.0022783203679726163,0.007191553575185284,-0.011256752054668221
-0.026638471170978912,0.006218781050118192,-0.020229507187523473,0.1133685832105038,-0.029604029045653648,-0.00048000112641839667,-0.003943403509709953,-0.0019483529837866485,-0.3694776011653582,0.004215984079890794,0.009712449883431186,-0.011545160458844256,-0.022701951270544328,-0.001963174935177369,0.00749008351414009,-0.011155007894680623
-0.026342051655055387,0.004509577901108723,-0.02011316755465424,0.11258574688299453,-0.03977277872889716,-0.0005022054108620118,-0.0037878163677237575,-0.002181521454702017,-0.36587328678779396,0.005886767582239182,0.009302757294510423,-0.011978116176972857,-0.02277941755045032,-0.0016350405466227435,0.007774486622377986,-0.011038180962803122
-0.026025244238004185,0.0028207562373895882,-0.019953597202252125,0.11156889062843531,-0.049759348037072916,-0.0005186355117800628,-0.0036330376433328453,-0.002410430582096016,-0.36156101508061295,0.00753092778904106,0.008880079663201668,-0.012376614452930052,-0.022820744642704036,-0.001294607682702845,0.00804369305909972,-0.010906856958706721
-0.025689334614386196,0.0011589318854619156,-0.019750973008175486,0.11032206980609106,-0.05952363440896568,-0.000529102461685048,-0.003479630757018323,-0.0026339423218412826,-0.3565576455917062,0.009141766740241872,0.008446312800327677,-0.01273936713334199,-0.02282601007918082,-0.0009426586672260799,0.008296625389076816,-0.010761688022966136
-0.025335711310269186,-0.00046941393606744183,-0.01950558378015815,0.10885026777855193,-0.06902636149263168,-0.0005334637224660192,-0.003328158556070043,-0.0028509532764208435,-0.35088282119026776,0.010712766290247101,0.008003310652167226,-0.013065278313446012,-0.022795405904847334,-0.000580071435836742,0.008532202792911775,-0.010603389008417083
-0.024965872737522356,-0.0020579479648437185,-0.019217837020353873,0.10715937291692283,-0.07822924442189953,-0.0005316256801612475,-0.0031791858401587336,-0.003060401463894884,-0.34455889172254284,0.01223761731049338,0.007552872663180619,-0.013353439970620858,-0.022729238962148107,-0.00020782186339776606,0.008749346747656489,-0.01043273315833256
-0.0245814321217819,-0.0036004975690054728,-0.018888266550277432,0.10525615222684283,-0.08709515188578378,-0.0005235457170430621,-0.00303328137031595,-0.003261272500433082,-0.3376108266572784,0.013710246717039996,0.007096733826422035,-0.013603126693162946,-0.022627931899761377,0.00017301545471134615,0.008946988106458862,-0.01025054726161745
-0.024184120029507858,-0.00509106309038266,-0.01851754078054452,0.10314822180653012,-0.09558826417402752,-0.0005092338592075154,-0.0028910191856549167,-0.003452605217348024,-0.3300661171284209,0.015124842249866216,0.006636557514751874,-0.013813789775530242,-0.022492024930997067,0.000561268036370723,0.009124075463049728,-0.01005770636775833
-0.023775784297459208,-0.0065238301865142645,-0.018106471379058648,0.10084401433872471,-0.10367422639256264,-0.000488753994358767,-0.0027529790785031285,-0.003633496741797863,-0.3219546678104838,0.0164758749745272,0.006173931097147341,-0.013985050931919655,-0.022322178322659984,0.0009556679945092034,0.009279584647594484,-0.009855128154929048
-0.023358387251442837,-0.007893182473676577,-0.01765602206655404,0.0983527438054431,-0.11132029605869626,-0.00046222464913871133,-0.002619746111487366,-0.003803107074591812,-0.31330867908548243,0.017758119515567373,0.005710364257943117,-0.014116695852618438,-0.02211917555001361,0.001354856164596704,0.009412529166017891,-0.009643767052919881
-0.022934000187189052,-0.009193714732340463,-0.01716731725027253,0.09568436759917234,-0.11849548430756228,-0.00042981930892879055,-0.002491909098200165,-0.00396066319916242,-0.30416251998031196,0.018966672063944034,0.0052472898555486,-0.014208667793614396,-0.021883927008899264,0.0017573878417247815,0.009521971366456177,-0.009424608227947842
-0.02250479517148821,-0.010420246884449126,-0.016641650195442965,0.09284954618781185,-0.1251706899690338,-0.00039176625640154007,-0.002370058010869594,-0.004105462753263485,-0.2945525923708362,0.020096966227360586,0.004786067083601948,-0.014261061351211754,-0.02161747413339039,0.0021617400592961787,0.00960703409483152,-0.00919866153851157
-0.022073034303201747,-0.011567838890873908,-0.016080490430381764,0.08985960047453695,-0.1313188258079841,-0.00034834789911491055,-0.0022547803222886208,-0.00423687728992546,-0.28451718696467077,0.02114478681285079,0.004327986633799409,-0.014274116531758542,-0.021320993727839774,0.0025663203118012233,0.009666912587228337,-0.008966955569980242
-0.021641056648566664,-0.012631806649904218,-0.015485490084509385,0.08672646697890704,-0.1369149362604821,-0.0002998995519816402,-0.0021466563334096842,-0.004354355147320949,-0.2740963315895619,0.022106281645455278,0.0038742775075071055,-0.01424821318397694,-0.02099580228700393,0.0029694765972303142,0.009700886340026759,-0.008730531850395394
-0.02121126313080347,-0.013607738906384193,-0.014858488869281646,0.08346265095291146,-0.14193630604399937,-0.00024680763827479053,-0.002046253580754205,-0.004457423939136051,-0.2633316323291772,0.022977971535846457,0.0034261150839997438,-0.014183865819696948,-0.020643360048247395,0.0033695086305981195,0.009708330699569143,-0.008490439341025753
-0.020786099708294592,-0.014491515108915796,-0.014201517429712882,0.08008117753600309,-0.14636255907058257,-0.00018950727356632977,-0.0019541204574771145,-0.004545692668446101,-0.2522661080637617,0.023756758513870598,0.0029846300275683498,-0.014081718809814252,-0.020265274496725955,0.0037646800590583457,0.009688727921173973,-0.008247729282737613
-0.020368039216907236,-0.015279324082152941,-0.01351679881842314,0.07659554104708985,-0.15017574714760892,-0.00012847920106280502,-0.0018707792170589766,-0.00461885345951899,-0.24094401899007895,0.02443993244483017,0.002550917604124962,-0.013942541907630267,-0.019863303028940366,0.004153231491396881,0.00964167746199664,-0.00800345046360147
-0.0199595622793284,-0.01596768331521022,-0.01280674787444351,0.07301965250933061,-0.15336042801041702,-6.424605439839538e-5,-0.0017967185578586387,-0.0046766828938894665,-0.22941068971385606,0.02502517614157498,0.002126046980180647,-0.01376722602274622,-0.019439354473070772,0.004533394140556191,0.009566905292791224,-0.007758644954905244
-0.01956313769708584,-0.016553458607947727,-0.012073968324719029,0.06936778550563036,-0.15590373229387816,2.6320649679419733e-6,-0.001732386009071956,-0.004719042929835073,-0.21771232752893463,0.025510569078721103,0.001711070092639107,-0.013556779146434461,-0.018995489166858545,0.0049034038675433815,0.009464272039120293,-0.007514344342600535
-0.019181202739359585,-0.01703388376638498,-0.011321247466612715,0.0656545204689971,-0.15779541911484637,7.156269430747095e-5,-0.001678180353203984,-0.004745881378319293,-0.20589583652073318,0.0258945898061248,0.0013070297058167916,-0.01331232231462102,-0.018533917306150158,0.005261515408900744,0.009333779791955368,-0.007271566460016548
-0.0188161437274251,-0.017406579998360754,-0.010551548333914166,0.061894687522310345,-0.15902792000336957,0.00014192678167729002,-0.001634444326454786,-0.004757231903749901,-0.19400862815749795,0.026176117147587084,0.0009149663112327139,-0.013035085487643915,-0.018056995300005606,0.0056060165681593235,0.009175577459823371,-0.007031312606370299
-0.018470277285811326,-0.017669574631970095,-0.00976799929600579,0.05810330799631351,-0.15959637098656274,0.00021308508599731087,-0.001601457836230952,-0.0047532135146746545,-0.18209842906107374,0.02635443025807258,0.0005359235745016225,-0.012726403226788028,-0.017567219901687463,0.005935242154601159,0.00898996456859327,-0.006794565215154194
-0.018145832592655765,-0.017821318762992172,-0.008973881089009862,0.054295534772416075,-0.15949863269424014,0.0002843851474565828,-0.0015794319244043693,-0.004734029507912769,-0.17021308667927104,0.026429207598869627,0.00017095209039451431,-0.012387710055865203,-0.017067219928758273,0.006247587460394644,0.008777393449611287,-0.006562285917850906
-0.01784493491430596,-0.017860703433726477,-0.008172611327973438,0.05048659161769142,-0.1587352984190164,0.000355168750090159,-0.0015685036863208057,-0.004699965829698554,-0.15840037361388434,0.026400524875455904,-0.00017888873007761616,-0.01202053541109436,-0.01655974543942294,0.006541521079791281,0.00853846979120072,-0.00633541393249959
-0.017569590655227972,-0.017787073954194262,-0.007367726599474125,0.04669171170269318,-0.15730969012505205,0.00042477977861337475,-0.0015687323295457333,-0.004651388819299496,-0.1467077913913637,0.026268851967738434,-0.0005125307498292136,-0.011626498103235553,-0.01604765429524403,0.0068155968914697645,0.0082739515616589,-0.006114864694184018
-0.017321674096162924,-0.017600241996944183,-0.006562862283474045,0.04292607551770123,-0.15522784245858204,0.0004925723535014329,-0.0015800965238105403,-0.004588742304384581,-0.13518237449620094,0.026035048867226053,-0.0008288992134892001,-0.011207300241098938,-0.015533896111069185,0.007068465046984066,0.007984746343032924,-0.0059015286361361816
-0.017102915933689074,-0.017300495127786635,-0.005761730300841331,0.0392047484289729,-0.15249847486968923,0.0005579191127293235,-0.0016024931556742302,-0.004512544023291365,-0.12387049551922051,0.025700360621044412,-0.001126916844326089,-0.010764720593773595,-0.015021493669620531,0.007298881834098916,0.007671907143479092,-0.0056962700262518234
-0.01691489367529885,-0.01688860347544051,-0.004968095027739068,0.035542618142663226,-0.14913295200854831,0.0006202194962790763,-0.001635737559320048,-0.004423381357402519,-0.11281767230293142,0.025266411269075213,-0.0014055098350461124,-0.010300607398695698,-0.014513521958441723,0.007505718312844132,0.007336626781365837,-0.005499925764581794
-0.016759023888017872,-0.01636582329186433,-0.004185747659106,0.03195433236938346,-0.14514523261082615,0.0006789078810593892,-0.0016795652500604596,-0.0043219063671977725,-0.10206837799253175,0.02473519674851191,-0.0016636155744942926,-0.009816870652483165,-0.014013085068116958,0.007687967653444875,0.006980230956035455,-0.005313304052752398
-0.016636556247453128,-0.01573389721036262,-0.003418479339799974,0.0284542370059365,-0.14055180713648444,0.0007334614096557343,-0.0017336351410315557,-0.004208830138243335,-0.09166585492256629,0.024109076730444847,-0.0019001918955350097,-0.009315473949848137,-0.013523291269884297,0.007844751137767277,0.0066041701379701495,-0.005137182856014804
-0.016548569289611414,-0.014995051068726529,-0.0026700534127555514,0.025056315171640055,-0.13537162447437262,0.000783407356522843,-0.0017975341777615144,-0.004084916458371232,-0.08165193328407017,0.023390765346398848,-0.0021142275803203627,-0.00879842596153722,-0.01304722666476973,0.007975322818308242,0.006210010424783882,-0.004972308092263717
-0.01649596773115194,-0.014151987227969974,-0.0019441771578803117,0.021774127453874404,-0.12962600807223146,0.0008283298798374047,-0.0018707832813418476,-0.003950974864414501,-0.07206685552373704,0.02258332075968651,-0.0023047538193112123,-0.008267771664008283,-0.012587927861907912,0.008079072859739677,0.005799423518846944,-0.004819391499261994
-0.016479481195795922,-0.013207874381958782,-0.0012444734126128376,0.018620753730176524,-0.12333856189851213,0.0008678760160474958,-0.0019528444503109732,-0.0038078531157696685,-0.06294910742375452,0.0216901335375543,-0.002470856291084117,-0.007725583450531369,-0.01214835419762687,0.0081555296162871,0.005374175987398672,-0.0046791081506911
-0.01649966416586451,-0.012166333917745445,-0.0005744524744221491,0.015608736941532737,-0.11653506668910395,0.0009017607868337399,-0.00204312883546916,-0.0036564291722526805,-0.0543352567971376,0.02071491378577286,-0.002611687512122022,-0.007173952264954775,-0.011731360046274744,0.00820436052257144,0.004936117966761044,-0.004552093612656495
-0.016556896968398023,-0.01103142294912989,6.25153134831681e-5,0.012750029192813183,-0.10924336697884496,0.0009297713042579934,-0.0021410055719285233,-0.00349760277451297,-0.04625980070759202,0.0196616770177256,-0.0027264791000709042,-0.006614978905124294,-0.011339667796238335,0.008225371894937519,0.004487171468875045,-0.004438940754003422
-0.016651387604693407,-0.009807614205362913,0.0006632258996944999,0.010055940551012088,-0.10149324946453742,0.0009517697787550047,-0.0022458111298142625,-0.0033322867458210155,-0.038755022084406426,0.01853472874509072,-0.00281455360056847,-0.0060507656427572,-0.010975842068369202,0.00821850775395367,0.004029318441089206,-0.004340196245329518
-0.016783174239715058,-0.008499773011581486,0.001224666408415353,0.007537090899768808,-0.09331631329284468,0.000967695355716685,-0.002356858929986095,-0.0031613981533589893,-0.03185085655125637,0.0173386477965043,-0.002875335546486135,-0.005483408300555034,-0.010642265738102397,0.008183847786229468,0.003564588719294819,-0.004256356802035057
-0.01695212818274016,-0.007113131646201662,0.0017440382178371691,0.005203365189418853,-0.0847458329124009,0.0009775647291137349,-0.0024734489644929318,-0.0029858494841423474,-0.02557477022320567,0.01607826839345227,-0.0029083614485791317,-0.004914988915794311,-0.010341118286833725,0.008121604564856104,0.003095048000599816,-0.004187865245314825
-0.017157957211628192,-0.00565326140189711,0.0022187779149102833,0.0030638723956667034,-0.0758166141739746,0.0009814715043072015,-0.0025948771634601592,-0.002806540004276594,-0.019951649149199,0.014758661038096888,-0.002913288456953999,-0.004347569103026285,-0.010074356953470864,0.008032120142893843,0.002622785945355009,-0.004135106470944951
-0.017400209118936756,-0.004126042709894121,0.0026465758494199168,0.001126908467225183,-0.06656484440465839,0.0009795843063800955,-0.0027204442606811076,-0.002624347479343922,-0.015003700989033858,0.013385112294590674,-0.002889901481838877,-0.0037831842074384425,-0.009843701085294686,0.007915862124046956,0.0021499045001931055,-0.004098403428440801
-0.01767827538733698,-0.0025376337112114804,0.003025392057853238,-0.0006000764959916389,-0.057027937220716356,0.0009721436544814961,-0.002849463928979666,-0.0024401204373778193,-0.010750369415729754,0.011963103572284185,-0.002838118617896432,-0.0032238383155695828,-0.009650620001034742,0.007773419299936664,0.0016785065146052043,-0.004078013222173679
-0.01799139493297664,-0.0008944376724596912,0.0033534693802939517,-0.002110506636503587,-0.047244372877743634,0.0009594576463959831,-0.0029812699827591964,-0.0022546711533717027,-0.0072082616283478595,0.010498289044624923,-0.002757994776460786,-0.002671500162187591,-0.009496324581790061,0.007605496925427819,0.0012106847043201455,-0.0040741234509830875
-0.018338657887192793,0.0007969303525811929,0.0036293436499426524,-0.0033987041552896494,-0.03725353498500452,0.0009418965204570224,-0.003115222478113606,-0.0020687695250948194,-0.004391089248968915,0.008996472860015202,-0.0026497234921145623,-0.0021280999420494303,-0.009381762701078282,0.007412911683682217,0.0007485109962558791,-0.0040868489034990175
-0.018719009417955335,0.002529677221345484,0.0038518508930944135,-0.004459908451993813,-0.02709554443211279,0.0009198861836778734,-0.0032507125792613297,-0.0018831379939837627,-0.002309622763267702,0.007463585819105093,-0.0025136369313713686,-0.0015955270038299774,-0.009307618498157848,0.007196586372474127,0.0002940262729519851,-0.004116228722729372
-0.019131253621410924,0.004296865383954078,0.004020131535670483,-0.00529029054409086,-0.016811091389645934,0.0008939008152655306,-0.003387166102490789,-0.0016984476422169101,-0.0009716595496165349,0.005905661705812284,-0.0023502041893598688,-0.0010756283716355198,-0.00927431539320139,0.006957544324258726,-0.00015076948002366964,-0.004162224145552961
-0.019574057539816954,0.00609144619821947,0.004133631668849329,-0.0058869627731760665,-0.006441266250091425,0.0008644546732055538,-0.0035240456937516112,-0.001515315568297372,-0.00038200542960355633,0.004328813465949024,-0.0021600280129570218,-0.0005702080081545828,-0.009282022643087863,0.006696903555849541,-0.0005839266314794317,-0.0042247169108137255
-0.020045955384098535,0.007906292565014423,0.004192101479204143,-0.006247983858932468,0.003972609628782397,0.0008320932480457196,-0.0036608516418819457,-0.0013343036094486645,-0.0005424695658464507,0.002739209427218812,-0.0019438401337211599,-8.102670362504311e-5,-0.009330665146305206,0.006415870630437715,-0.0010035549822080953,-0.00430350841410535
